1,Adjustable Race,0,0,0,2008-04-30 00:00:00.000,NULL,NULL,NULL,NULL,NULL,NULL
2,Bearing Ball,0,0,0,2008-04-30 00:00:00.000,NULL,NULL,NULL,NULL,NULL,NULL
3,BB Ball Bearing,1,0,1,2008-04-30 00:00:00.000,NULL,NULL,NULL,NULL,NULL,NULL
4,Headset Ball Bearings,0,0,0,2008-04-30 00:00:00.000,NULL,NULL,NULL,NULL,NULL,NULL
316,Blade,1,0,1,2008-04-30 00:00:00.000,NULL,NULL,NULL,NULL,NULL,NULL
317,LL Crankarm,0,0,0,2008-04-30 00:00:00.000,NULL,NULL,NULL,NULL,NULL,NULL
318,ML Crankarm,0,0,0,2008-04-30 00:00:00.000,NULL,NULL,NULL,NULL,NULL,NULL
319,HL Crankarm,0,0,0,2008-04-30 00:00:00.000,NULL,NULL,NULL,NULL,NULL,NULL
320,Chainring Bolts,0,0,0,2008-04-30 00:00:00.000,NULL,NULL,NULL,NULL,NULL,NULL
321,Chainring Nut,0,0,0,2008-04-30 00:00:00.000,NULL,NULL,NULL,NULL,NULL,NULL
322,Chainring,0,0,0,2008-04-30 00:00:00.000,NULL,NULL,NULL,NULL,NULL,NULL
323,Crown Race,0,0,0,2008-04-30 00:00:00.000,NULL,NULL,NULL,NULL,NULL,NULL
324,Chain Stays,1,0,1,2008-04-30 00:00:00.000,NULL,NULL,NULL,NULL,NULL,NULL
325,Decal 1,0,0,0,2008-04-30 00:00:00.000,NULL,NULL,NULL,NULL,NULL,NULL
326,Decal 2,0,0,0,2008-04-30 00:00:00.000,NULL,NULL,NULL,NULL,NULL,NULL
327,Down Tube,1,0,1,2008-04-30 00:00:00.000,NULL,NULL,NULL,NULL,NULL,NULL
328,Mountain End Caps,1,0,1,2008-04-30 00:00:00.000,NULL,NULL,NULL,NULL,NULL,NULL
329,Road End Caps,1,0,1,2008-04-30 00:00:00.000,NULL,NULL,NULL,NULL,NULL,NULL
330,Touring End Caps,1,0,1,2008-04-30 00:00:00.000,NULL,NULL,NULL,NULL,NULL,NULL
331,Fork End,1,0,1,2008-04-30 00:00:00.000,NULL,NULL,NULL,NULL,NULL,NULL
332,Freewheel,0,0,0,2008-04-30 00:00:00.000,NULL,NULL,NULL,NULL,NULL,NULL
341,Flat Washer 1,0,0,0,2008-04-30 00:00:00.000,NULL,NULL,NULL,NULL,NULL,NULL
342,Flat Washer 6,0,0,0,2008-04-30 00:00:00.000,NULL,NULL,NULL,NULL,NULL,NULL
343,Flat Washer 2,0,0,0,2008-04-30 00:00:00.000,NULL,NULL,NULL,NULL,NULL,NULL
344,Flat Washer 9,0,0,0,2008-04-30 00:00:00.000,NULL,NULL,NULL,NULL,NULL,NULL
345,Flat Washer 4,0,0,0,2008-04-30 00:00:00.000,NULL,NULL,NULL,NULL,NULL,NULL
346,Flat Washer 3,0,0,0,2008-04-30 00:00:00.000,NULL,NULL,NULL,NULL,NULL,NULL
347,Flat Washer 8,0,0,0,2008-04-30 00:00:00.000,NULL,NULL,NULL,NULL,NULL,NULL
348,Flat Washer 5,0,0,0,2008-04-30 00:00:00.000,NULL,NULL,NULL,NULL,NULL,NULL
349,Flat Washer 7,0,0,0,2008-04-30 00:00:00.000,NULL,NULL,NULL,NULL,NULL,NULL
350,Fork Crown,1,0,1,2008-04-30 00:00:00.000,NULL,NULL,NULL,NULL,NULL,NULL
351,Front Derailleur Cage,0,0,0,2008-04-30 00:00:00.000,NULL,NULL,NULL,NULL,NULL,NULL
352,Front Derailleur Linkage,0,0,0,2008-04-30 00:00:00.000,NULL,NULL,NULL,NULL,NULL,NULL
355,Guide Pulley,0,0,0,2008-04-30 00:00:00.000,NULL,NULL,NULL,NULL,NULL,NULL
356,LL Grip Tape,0,0,0,2008-04-30 00:00:00.000,NULL,NULL,NULL,NULL,NULL,NULL
357,ML Grip Tape,0,0,0,2008-04-30 00:00:00.000,NULL,NULL,NULL,NULL,NULL,NULL
358,HL Grip Tape,0,0,0,2008-04-30 00:00:00.000,NULL,NULL,NULL,NULL,NULL,NULL
359,Thin-Jam Hex Nut 9,0,0,0,2008-04-30 00:00:00.000,NULL,NULL,NULL,NULL,NULL,NULL
360,Thin-Jam Hex Nut 10,0,0,0,2008-04-30 00:00:00.000,NULL,NULL,NULL,NULL,NULL,NULL
361,Thin-Jam Hex Nut 1,0,0,0,2008-04-30 00:00:00.000,NULL,NULL,NULL,NULL,NULL,NULL
362,Thin-Jam Hex Nut 2,0,0,0,2008-04-30 00:00:00.000,NULL,NULL,NULL,NULL,NULL,NULL
363,Thin-Jam Hex Nut 15,0,0,0,2008-04-30 00:00:00.000,NULL,NULL,NULL,NULL,NULL,NULL
364,Thin-Jam Hex Nut 16,0,0,0,2008-04-30 00:00:00.000,NULL,NULL,NULL,NULL,NULL,NULL
365,Thin-Jam Hex Nut 5,0,0,0,2008-04-30 00:00:00.000,NULL,NULL,NULL,NULL,NULL,NULL
366,Thin-Jam Hex Nut 6,0,0,0,2008-04-30 00:00:00.000,NULL,NULL,NULL,NULL,NULL,NULL
367,Thin-Jam Hex Nut 3,0,0,0,2008-04-30 00:00:00.000,NULL,NULL,NULL,NULL,NULL,NULL
368,Thin-Jam Hex Nut 4,0,0,0,2008-04-30 00:00:00.000,NULL,NULL,NULL,NULL,NULL,NULL
369,Thin-Jam Hex Nut 13,0,0,0,2008-04-30 00:00:00.000,NULL,NULL,NULL,NULL,NULL,NULL
370,Thin-Jam Hex Nut 14,0,0,0,2008-04-30 00:00:00.000,NULL,NULL,NULL,NULL,NULL,NULL
371,Thin-Jam Hex Nut 7,0,0,0,2008-04-30 00:00:00.000,NULL,NULL,NULL,NULL,NULL,NULL
372,Thin-Jam Hex Nut 8,0,0,0,2008-04-30 00:00:00.000,NULL,NULL,NULL,NULL,NULL,NULL
373,Thin-Jam Hex Nut 12,0,0,0,2008-04-30 00:00:00.000,NULL,NULL,NULL,NULL,NULL,NULL
374,Thin-Jam Hex Nut 11,0,0,0,2008-04-30 00:00:00.000,NULL,NULL,NULL,NULL,NULL,NULL
375,Hex Nut 5,0,0,0,2008-04-30 00:00:00.000,NULL,NULL,NULL,NULL,NULL,NULL
376,Hex Nut 6,0,0,0,2008-04-30 00:00:00.000,NULL,NULL,NULL,NULL,NULL,NULL
377,Hex Nut 16,0,0,0,2008-04-30 00:00:00.000,NULL,NULL,NULL,NULL,NULL,NULL
378,Hex Nut 17,0,0,0,2008-04-30 00:00:00.000,NULL,NULL,NULL,NULL,NULL,NULL
379,Hex Nut 7,0,0,0,2008-04-30 00:00:00.000,NULL,NULL,NULL,NULL,NULL,NULL
380,Hex Nut 8,0,0,0,2008-04-30 00:00:00.000,NULL,NULL,NULL,NULL,NULL,NULL
381,Hex Nut 9,0,0,0,2008-04-30 00:00:00.000,NULL,NULL,NULL,NULL,NULL,NULL
382,Hex Nut 22,0,0,0,2008-04-30 00:00:00.000,NULL,NULL,NULL,NULL,NULL,NULL
383,Hex Nut 23,0,0,0,2008-04-30 00:00:00.000,NULL,NULL,NULL,NULL,NULL,NULL
384,Hex Nut 12,0,0,0,2008-04-30 00:00:00.000,NULL,NULL,NULL,NULL,NULL,NULL
385,Hex Nut 13,0,0,0,2008-04-30 00:00:00.000,NULL,NULL,NULL,NULL,NULL,NULL
386,Hex Nut 1,0,0,0,2008-04-30 00:00:00.000,NULL,NULL,NULL,NULL,NULL,NULL
387,Hex Nut 10,0,0,0,2008-04-30 00:00:00.000,NULL,NULL,NULL,NULL,NULL,NULL
388,Hex Nut 11,0,0,0,2008-04-30 00:00:00.000,NULL,NULL,NULL,NULL,NULL,NULL
389,Hex Nut 2,0,0,0,2008-04-30 00:00:00.000,NULL,NULL,NULL,NULL,NULL,NULL
390,Hex Nut 20,0,0,0,2008-04-30 00:00:00.000,NULL,NULL,NULL,NULL,NULL,NULL
391,Hex Nut 21,0,0,0,2008-04-30 00:00:00.000,NULL,NULL,NULL,NULL,NULL,NULL
392,Hex Nut 3,0,0,0,2008-04-30 00:00:00.000,NULL,NULL,NULL,NULL,NULL,NULL
393,Hex Nut 14,0,0,0,2008-04-30 00:00:00.000,NULL,NULL,NULL,NULL,NULL,NULL
394,Hex Nut 15,0,0,0,2008-04-30 00:00:00.000,NULL,NULL,NULL,NULL,NULL,NULL
395,Hex Nut 4,0,0,0,2008-04-30 00:00:00.000,NULL,NULL,NULL,NULL,NULL,NULL
396,Hex Nut 18,0,0,0,2008-04-30 00:00:00.000,NULL,NULL,NULL,NULL,NULL,NULL
397,Hex Nut 19,0,0,0,2008-04-30 00:00:00.000,NULL,NULL,NULL,NULL,NULL,NULL
398,Handlebar Tube,1,0,1,2008-04-30 00:00:00.000,NULL,NULL,NULL,NULL,NULL,NULL
399,Head Tube,1,0,1,2008-04-30 00:00:00.000,NULL,NULL,NULL,NULL,NULL,NULL
400,LL Hub,1,0,1,2008-04-30 00:00:00.000,NULL,NULL,NULL,NULL,NULL,NULL
401,HL Hub,1,0,1,2008-04-30 00:00:00.000,NULL,NULL,NULL,NULL,NULL,NULL
402,Keyed Washer,0,0,0,2008-04-30 00:00:00.000,NULL,NULL,NULL,NULL,NULL,NULL
403,External Lock Washer 3,0,0,0,2008-04-30 00:00:00.000,NULL,NULL,NULL,NULL,NULL,NULL
404,External Lock Washer 4,0,0,0,2008-04-30 00:00:00.000,NULL,NULL,NULL,NULL,NULL,NULL
405,External Lock Washer 9,0,0,0,2008-04-30 00:00:00.000,NULL,NULL,NULL,NULL,NULL,NULL
406,External Lock Washer 5,0,0,0,2008-04-30 00:00:00.000,NULL,NULL,NULL,NULL,NULL,NULL
407,External Lock Washer 7,0,0,0,2008-04-30 00:00:00.000,NULL,NULL,NULL,NULL,NULL,NULL
408,External Lock Washer 6,0,0,0,2008-04-30 00:00:00.000,NULL,NULL,NULL,NULL,NULL,NULL
409,External Lock Washer 1,0,0,0,2008-04-30 00:00:00.000,NULL,NULL,NULL,NULL,NULL,NULL
410,External Lock Washer 8,0,0,0,2008-04-30 00:00:00.000,NULL,NULL,NULL,NULL,NULL,NULL
411,External Lock Washer 2,0,0,0,2008-04-30 00:00:00.000,NULL,NULL,NULL,NULL,NULL,NULL
412,Internal Lock Washer 3,0,0,0,2008-04-30 00:00:00.000,NULL,NULL,NULL,NULL,NULL,NULL
413,Internal Lock Washer 4,0,0,0,2008-04-30 00:00:00.000,NULL,NULL,NULL,NULL,NULL,NULL
414,Internal Lock Washer 9,0,0,0,2008-04-30 00:00:00.000,NULL,NULL,NULL,NULL,NULL,NULL
415,Internal Lock Washer 5,0,0,0,2008-04-30 00:00:00.000,NULL,NULL,NULL,NULL,NULL,NULL
416,Internal Lock Washer 7,0,0,0,2008-04-30 00:00:00.000,NULL,NULL,NULL,NULL,NULL,NULL
417,Internal Lock Washer 6,0,0,0,2008-04-30 00:00:00.000,NULL,NULL,NULL,NULL,NULL,NULL
418,Internal Lock Washer 10,0,0,0,2008-04-30 00:00:00.000,NULL,NULL,NULL,NULL,NULL,NULL
419,Internal Lock Washer 1,0,0,0,2008-04-30 00:00:00.000,NULL,NULL,NULL,NULL,NULL,NULL
420,Internal Lock Washer 8,0,0,0,2008-04-30 00:00:00.000,NULL,NULL,NULL,NULL,NULL,NULL
421,Internal Lock Washer 2,0,0,0,2008-04-30 00:00:00.000,NULL,NULL,NULL,NULL,NULL,NULL
422,Thin-Jam Lock Nut 9,0,0,0,2008-04-30 00:00:00.000,NULL,NULL,NULL,NULL,NULL,NULL
423,Thin-Jam Lock Nut 10,0,0,0,2008-04-30 00:00:00.000,NULL,NULL,NULL,NULL,NULL,NULL
424,Thin-Jam Lock Nut 1,0,0,0,2008-04-30 00:00:00.000,NULL,NULL,NULL,NULL,NULL,NULL
425,Thin-Jam Lock Nut 2,0,0,0,2008-04-30 00:00:00.000,NULL,NULL,NULL,NULL,NULL,NULL
426,Thin-Jam Lock Nut 15,0,0,0,2008-04-30 00:00:00.000,NULL,NULL,NULL,NULL,NULL,NULL
427,Thin-Jam Lock Nut 16,0,0,0,2008-04-30 00:00:00.000,NULL,NULL,NULL,NULL,NULL,NULL
428,Thin-Jam Lock Nut 5,0,0,0,2008-04-30 00:00:00.000,NULL,NULL,NULL,NULL,NULL,NULL
429,Thin-Jam Lock Nut 6,0,0,0,2008-04-30 00:00:00.000,NULL,NULL,NULL,NULL,NULL,NULL
430,Thin-Jam Lock Nut 3,0,0,0,2008-04-30 00:00:00.000,NULL,NULL,NULL,NULL,NULL,NULL
431,Thin-Jam Lock Nut 4,0,0,0,2008-04-30 00:00:00.000,NULL,NULL,NULL,NULL,NULL,NULL
432,Thin-Jam Lock Nut 13,0,0,0,2008-04-30 00:00:00.000,NULL,NULL,NULL,NULL,NULL,NULL
433,Thin-Jam Lock Nut 14,0,0,0,2008-04-30 00:00:00.000,NULL,NULL,NULL,NULL,NULL,NULL
434,Thin-Jam Lock Nut 7,0,0,0,2008-04-30 00:00:00.000,NULL,NULL,NULL,NULL,NULL,NULL
435,Thin-Jam Lock Nut 8,0,0,0,2008-04-30 00:00:00.000,NULL,NULL,NULL,NULL,NULL,NULL
436,Thin-Jam Lock Nut 12,0,0,0,2008-04-30 00:00:00.000,NULL,NULL,NULL,NULL,NULL,NULL
437,Thin-Jam Lock Nut 11,0,0,0,2008-04-30 00:00:00.000,NULL,NULL,NULL,NULL,NULL,NULL
438,Lock Nut 5,0,0,0,2008-04-30 00:00:00.000,NULL,NULL,NULL,NULL,NULL,NULL
439,Lock Nut 6,0,0,0,2008-04-30 00:00:00.000,NULL,NULL,NULL,NULL,NULL,NULL
440,Lock Nut 16,0,0,0,2008-04-30 00:00:00.000,NULL,NULL,NULL,NULL,NULL,NULL
441,Lock Nut 17,0,0,0,2008-04-30 00:00:00.000,NULL,NULL,NULL,NULL,NULL,NULL
442,Lock Nut 7,0,0,0,2008-04-30 00:00:00.000,NULL,NULL,NULL,NULL,NULL,NULL
443,Lock Nut 8,0,0,0,2008-04-30 00:00:00.000,NULL,NULL,NULL,NULL,NULL,NULL
444,Lock Nut 9,0,0,0,2008-04-30 00:00:00.000,NULL,NULL,NULL,NULL,NULL,NULL
445,Lock Nut 22,0,0,0,2008-04-30 00:00:00.000,NULL,NULL,NULL,NULL,NULL,NULL
446,Lock Nut 23,0,0,0,2008-04-30 00:00:00.000,NULL,NULL,NULL,NULL,NULL,NULL
447,Lock Nut 12,0,0,0,2008-04-30 00:00:00.000,NULL,NULL,NULL,NULL,NULL,NULL
448,Lock Nut 13,0,0,0,2008-04-30 00:00:00.000,NULL,NULL,NULL,NULL,NULL,NULL
449,Lock Nut 1,0,0,0,2008-04-30 00:00:00.000,NULL,NULL,NULL,NULL,NULL,NULL
450,Lock Nut 10,0,0,0,2008-04-30 00:00:00.000,NULL,NULL,NULL,NULL,NULL,NULL
451,Lock Nut 11,0,0,0,2008-04-30 00:00:00.000,NULL,NULL,NULL,NULL,NULL,NULL
452,Lock Nut 2,0,0,0,2008-04-30 00:00:00.000,NULL,NULL,NULL,NULL,NULL,NULL
453,Lock Nut 20,0,0,0,2008-04-30 00:00:00.000,NULL,NULL,NULL,NULL,NULL,NULL
454,Lock Nut 21,0,0,0,2008-04-30 00:00:00.000,NULL,NULL,NULL,NULL,NULL,NULL
455,Lock Nut 3,0,0,0,2008-04-30 00:00:00.000,NULL,NULL,NULL,NULL,NULL,NULL
456,Lock Nut 14,0,0,0,2008-04-30 00:00:00.000,NULL,NULL,NULL,NULL,NULL,NULL
457,Lock Nut 15,0,0,0,2008-04-30 00:00:00.000,NULL,NULL,NULL,NULL,NULL,NULL
458,Lock Nut 4,0,0,0,2008-04-30 00:00:00.000,NULL,NULL,NULL,NULL,NULL,NULL
459,Lock Nut 19,0,0,0,2008-04-30 00:00:00.000,NULL,NULL,NULL,NULL,NULL,NULL
460,Lock Nut 18,0,0,0,2008-04-30 00:00:00.000,NULL,NULL,NULL,NULL,NULL,NULL
461,Lock Ring,0,0,0,2008-04-30 00:00:00.000,NULL,NULL,NULL,NULL,NULL,NULL
462,Lower Head Race,0,0,0,2008-04-30 00:00:00.000,NULL,NULL,NULL,NULL,NULL,NULL
463,Lock Washer 4,0,0,0,2008-04-30 00:00:00.000,NULL,NULL,NULL,NULL,NULL,NULL
464,Lock Washer 5,0,0,0,2008-04-30 00:00:00.000,NULL,NULL,NULL,NULL,NULL,NULL
465,Lock Washer 10,0,0,0,2008-04-30 00:00:00.000,NULL,NULL,NULL,NULL,NULL,NULL
466,Lock Washer 6,0,0,0,2008-04-30 00:00:00.000,NULL,NULL,NULL,NULL,NULL,NULL
467,Lock Washer 13,0,0,0,2008-04-30 00:00:00.000,NULL,NULL,NULL,NULL,NULL,NULL
468,Lock Washer 8,0,0,0,2008-04-30 00:00:00.000,NULL,NULL,NULL,NULL,NULL,NULL
469,Lock Washer 1,0,0,0,2008-04-30 00:00:00.000,NULL,NULL,NULL,NULL,NULL,NULL
470,Lock Washer 7,0,0,0,2008-04-30 00:00:00.000,NULL,NULL,NULL,NULL,NULL,NULL
471,Lock Washer 12,0,0,0,2008-04-30 00:00:00.000,NULL,NULL,NULL,NULL,NULL,NULL
472,Lock Washer 2,0,0,0,2008-04-30 00:00:00.000,NULL,NULL,NULL,NULL,NULL,NULL
473,Lock Washer 9,0,0,0,2008-04-30 00:00:00.000,NULL,NULL,NULL,NULL,NULL,NULL
474,Lock Washer 3,0,0,0,2008-04-30 00:00:00.000,NULL,NULL,NULL,NULL,NULL,NULL
475,Lock Washer 11,0,0,0,2008-04-30 00:00:00.000,NULL,NULL,NULL,NULL,NULL,NULL
476,Metal Angle,0,0,0,2008-04-30 00:00:00.000,NULL,NULL,NULL,NULL,NULL,NULL
477,Metal Bar 1,0,0,0,2008-04-30 00:00:00.000,NULL,NULL,NULL,NULL,NULL,NULL
478,Metal Bar 2,0,0,0,2008-04-30 00:00:00.000,NULL,NULL,NULL,NULL,NULL,NULL
479,Metal Plate 2,0,0,0,2008-04-30 00:00:00.000,NULL,NULL,NULL,NULL,NULL,NULL
480,Metal Plate 1,0,0,0,2008-04-30 00:00:00.000,NULL,NULL,NULL,NULL,NULL,NULL
481,Metal Plate 3,0,0,0,2008-04-30 00:00:00.000,NULL,NULL,NULL,NULL,NULL,NULL
482,Metal Sheet 2,0,0,0,2008-04-30 00:00:00.000,NULL,NULL,NULL,NULL,NULL,NULL
483,Metal Sheet 3,0,0,0,2008-04-30 00:00:00.000,NULL,NULL,NULL,NULL,NULL,NULL
484,Metal Sheet 7,0,0,0,2008-04-30 00:00:00.000,NULL,NULL,NULL,NULL,NULL,NULL
485,Metal Sheet 4,0,0,0,2008-04-30 00:00:00.000,NULL,NULL,NULL,NULL,NULL,NULL
486,Metal Sheet 5,0,0,0,2008-04-30 00:00:00.000,NULL,NULL,NULL,NULL,NULL,NULL
487,Metal Sheet 6,0,0,0,2008-04-30 00:00:00.000,NULL,NULL,NULL,NULL,NULL,NULL
488,Metal Sheet 1,0,0,0,2008-04-30 00:00:00.000,NULL,NULL,NULL,NULL,NULL,NULL
489,Metal Tread Plate,0,0,0,2008-04-30 00:00:00.000,NULL,NULL,NULL,NULL,NULL,NULL
490,LL Nipple,0,0,0,2008-04-30 00:00:00.000,NULL,NULL,NULL,NULL,NULL,NULL
491,HL Nipple,0,0,0,2008-04-30 00:00:00.000,NULL,NULL,NULL,NULL,NULL,NULL
492,Paint - Black,0,0,0,2008-04-30 00:00:00.000,NULL,NULL,NULL,NULL,NULL,NULL
493,Paint - Red,0,0,0,2008-04-30 00:00:00.000,NULL,NULL,NULL,NULL,NULL,NULL
494,Paint - Silver,0,0,0,2008-04-30 00:00:00.000,NULL,NULL,NULL,NULL,NULL,NULL
495,Paint - Blue,0,0,0,2008-04-30 00:00:00.000,NULL,NULL,NULL,NULL,NULL,NULL
496,Paint - Yellow,0,0,0,2008-04-30 00:00:00.000,NULL,NULL,NULL,NULL,NULL,NULL
497,Pinch Bolt,0,0,0,2008-04-30 00:00:00.000,NULL,NULL,NULL,NULL,NULL,NULL
504,Cup-Shaped Race,0,0,0,2008-04-30 00:00:00.000,NULL,NULL,NULL,NULL,NULL,NULL
505,Cone-Shaped Race,0,0,0,2008-04-30 00:00:00.000,NULL,NULL,NULL,NULL,NULL,NULL
506,Reflector,0,0,0,2008-04-30 00:00:00.000,NULL,NULL,NULL,NULL,NULL,NULL
507,LL Mountain Rim,0,0,0,2008-04-30 00:00:00.000,NULL,NULL,NULL,NULL,NULL,NULL
508,ML Mountain Rim,0,0,0,2008-04-30 00:00:00.000,NULL,NULL,NULL,NULL,NULL,NULL
509,HL Mountain Rim,0,0,0,2008-04-30 00:00:00.000,NULL,NULL,NULL,NULL,NULL,NULL
510,LL Road Rim,0,0,0,2008-04-30 00:00:00.000,NULL,NULL,NULL,NULL,NULL,NULL
511,ML Road Rim,0,0,0,2008-04-30 00:00:00.000,NULL,NULL,NULL,NULL,NULL,NULL
512,HL Road Rim,0,0,0,2008-04-30 00:00:00.000,NULL,NULL,NULL,NULL,NULL,NULL
513,Touring Rim,0,0,0,2008-04-30 00:00:00.000,NULL,NULL,NULL,NULL,NULL,NULL
514,LL Mountain Seat Assembly,1,0,1,2008-04-30 00:00:00.000,NULL,NULL,NULL,NULL,NULL,NULL
515,ML Mountain Seat Assembly,1,0,1,2008-04-30 00:00:00.000,NULL,NULL,NULL,NULL,NULL,NULL
516,HL Mountain Seat Assembly,1,0,1,2008-04-30 00:00:00.000,NULL,NULL,NULL,NULL,NULL,NULL
517,LL Road Seat Assembly,1,0,1,2008-04-30 00:00:00.000,NULL,NULL,NULL,NULL,NULL,NULL
518,ML Road Seat Assembly,1,0,1,2008-04-30 00:00:00.000,NULL,NULL,NULL,NULL,NULL,NULL
519,HL Road Seat Assembly,1,0,1,2008-04-30 00:00:00.000,NULL,NULL,NULL,NULL,NULL,NULL
520,LL Touring Seat Assembly,1,0,1,2008-04-30 00:00:00.000,NULL,NULL,NULL,NULL,NULL,NULL
521,ML Touring Seat Assembly,1,0,1,2008-04-30 00:00:00.000,NULL,NULL,NULL,NULL,NULL,NULL
522,HL Touring Seat Assembly,1,0,1,2008-04-30 00:00:00.000,NULL,NULL,NULL,NULL,NULL,NULL
523,LL Spindle/Axle,0,0,0,2008-04-30 00:00:00.000,NULL,NULL,NULL,NULL,NULL,NULL
524,HL Spindle/Axle,0,0,0,2008-04-30 00:00:00.000,NULL,NULL,NULL,NULL,NULL,NULL
525,LL Shell,0,0,0,2008-04-30 00:00:00.000,NULL,NULL,NULL,NULL,NULL,NULL
526,HL Shell,0,0,0,2008-04-30 00:00:00.000,NULL,NULL,NULL,NULL,NULL,NULL
527,Spokes,0,0,0,2008-04-30 00:00:00.000,NULL,NULL,NULL,NULL,NULL,NULL
528,Seat Lug,0,0,0,2008-04-30 00:00:00.000,NULL,NULL,NULL,NULL,NULL,NULL
529,Stem,1,0,1,2008-04-30 00:00:00.000,NULL,NULL,NULL,NULL,NULL,NULL
530,Seat Post,0,0,0,2008-04-30 00:00:00.000,NULL,NULL,NULL,NULL,NULL,NULL
531,Steerer,1,0,1,2008-04-30 00:00:00.000,NULL,NULL,NULL,NULL,NULL,NULL
532,Seat Stays,1,0,1,2008-04-30 00:00:00.000,NULL,NULL,NULL,NULL,NULL,NULL
533,Seat Tube,1,0,1,2008-04-30 00:00:00.000,NULL,NULL,NULL,NULL,NULL,NULL
534,Top Tube,1,0,1,2008-04-30 00:00:00.000,NULL,NULL,NULL,NULL,NULL,NULL
535,Tension Pulley,0,0,0,2008-04-30 00:00:00.000,NULL,NULL,NULL,NULL,NULL,NULL
679,Rear Derailleur Cage,0,0,0,2008-04-30 00:00:00.000,NULL,NULL,NULL,NULL,NULL,NULL
680,"HL Road Frame - Black, 58",1,1,1,2008-04-30 00:00:00.000,NULL,NULL,14,Road Frames,2,Components
706,"HL Road Frame - Red, 58",1,1,1,2008-04-30 00:00:00.000,NULL,NULL,14,Road Frames,2,Components
707,"Sport-100 Helmet, Red",0,1,0,2011-05-31 00:00:00.000,NULL,NULL,31,Helmets,4,Accessories
708,"Sport-100 Helmet, Black",0,1,0,2011-05-31 00:00:00.000,NULL,NULL,31,Helmets,4,Accessories
709,"Mountain Bike Socks, M",0,1,0,2011-05-31 00:00:00.000,2012-05-29 00:00:00.000,NULL,23,Socks,3,Clothing
710,"Mountain Bike Socks, L",0,1,0,2011-05-31 00:00:00.000,2012-05-29 00:00:00.000,NULL,23,Socks,3,Clothing
711,"Sport-100 Helmet, Blue",0,1,0,2011-05-31 00:00:00.000,NULL,NULL,31,Helmets,4,Accessories
712,AWC Logo Cap,0,1,0,2011-05-31 00:00:00.000,NULL,NULL,19,Caps,3,Clothing
713,"Long-Sleeve Logo Jersey, S",0,1,0,2011-05-31 00:00:00.000,NULL,NULL,21,Jerseys,3,Clothing
714,"Long-Sleeve Logo Jersey, M",0,1,0,2011-05-31 00:00:00.000,NULL,NULL,21,Jerseys,3,Clothing
715,"Long-Sleeve Logo Jersey, L",0,1,0,2011-05-31 00:00:00.000,NULL,NULL,21,Jerseys,3,Clothing
716,"Long-Sleeve Logo Jersey, XL",0,1,0,2011-05-31 00:00:00.000,NULL,NULL,21,Jerseys,3,Clothing
717,"HL Road Frame - Red, 62",1,1,1,2011-05-31 00:00:00.000,NULL,NULL,14,Road Frames,2,Components
718,"HL Road Frame - Red, 44",1,1,1,2011-05-31 00:00:00.000,NULL,NULL,14,Road Frames,2,Components
719,"HL Road Frame - Red, 48",1,1,1,2011-05-31 00:00:00.000,NULL,NULL,14,Road Frames,2,Components
720,"HL Road Frame - Red, 52",1,1,1,2011-05-31 00:00:00.000,NULL,NULL,14,Road Frames,2,Components
721,"HL Road Frame - Red, 56",1,1,1,2011-05-31 00:00:00.000,NULL,NULL,14,Road Frames,2,Components
722,"LL Road Frame - Black, 58",1,1,1,2011-05-31 00:00:00.000,NULL,NULL,14,Road Frames,2,Components
723,"LL Road Frame - Black, 60",1,1,1,2011-05-31 00:00:00.000,NULL,NULL,14,Road Frames,2,Components
724,"LL Road Frame - Black, 62",1,1,1,2011-05-31 00:00:00.000,NULL,NULL,14,Road Frames,2,Components
725,"LL Road Frame - Red, 44",1,1,1,2011-05-31 00:00:00.000,2013-05-29 00:00:00.000,NULL,14,Road Frames,2,Components
726,"LL Road Frame - Red, 48",1,1,1,2011-05-31 00:00:00.000,2013-05-29 00:00:00.000,NULL,14,Road Frames,2,Components
727,"LL Road Frame - Red, 52",1,1,1,2011-05-31 00:00:00.000,2013-05-29 00:00:00.000,NULL,14,Road Frames,2,Components
728,"LL Road Frame - Red, 58",1,1,1,2011-05-31 00:00:00.000,2013-05-29 00:00:00.000,NULL,14,Road Frames,2,Components
729,"LL Road Frame - Red, 60",1,1,1,2011-05-31 00:00:00.000,2013-05-29 00:00:00.000,NULL,14,Road Frames,2,Components
730,"LL Road Frame - Red, 62",1,1,1,2011-05-31 00:00:00.000,2013-05-29 00:00:00.000,NULL,14,Road Frames,2,Components
731,"ML Road Frame - Red, 44",1,1,1,2011-05-31 00:00:00.000,2012-05-29 00:00:00.000,NULL,14,Road Frames,2,Components
732,"ML Road Frame - Red, 48",1,1,1,2011-05-31 00:00:00.000,2012-05-29 00:00:00.000,NULL,14,Road Frames,2,Components
733,"ML Road Frame - Red, 52",1,1,1,2011-05-31 00:00:00.000,2012-05-29 00:00:00.000,NULL,14,Road Frames,2,Components
734,"ML Road Frame - Red, 58",1,1,1,2011-05-31 00:00:00.000,2012-05-29 00:00:00.000,NULL,14,Road Frames,2,Components
735,"ML Road Frame - Red, 60",1,1,1,2011-05-31 00:00:00.000,2012-05-29 00:00:00.000,NULL,14,Road Frames,2,Components
736,"LL Road Frame - Black, 44",1,1,1,2011-05-31 00:00:00.000,NULL,NULL,14,Road Frames,2,Components
737,"LL Road Frame - Black, 48",1,1,1,2011-05-31 00:00:00.000,NULL,NULL,14,Road Frames,2,Components
738,"LL Road Frame - Black, 52",1,1,1,2011-05-31 00:00:00.000,NULL,NULL,14,Road Frames,2,Components
739,"HL Mountain Frame - Silver, 42",1,1,1,2011-05-31 00:00:00.000,NULL,NULL,12,Mountain Frames,2,Components
740,"HL Mountain Frame - Silver, 44",1,1,1,2011-05-31 00:00:00.000,2012-05-29 00:00:00.000,NULL,12,Mountain Frames,2,Components
741,"HL Mountain Frame - Silver, 48",1,1,1,2011-05-31 00:00:00.000,2012-05-29 00:00:00.000,NULL,12,Mountain Frames,2,Components
742,"HL Mountain Frame - Silver, 46",1,1,1,2011-05-31 00:00:00.000,NULL,NULL,12,Mountain Frames,2,Components
743,"HL Mountain Frame - Black, 42",1,1,1,2011-05-31 00:00:00.000,NULL,NULL,12,Mountain Frames,2,Components
744,"HL Mountain Frame - Black, 44",1,1,1,2011-05-31 00:00:00.000,2012-05-29 00:00:00.000,NULL,12,Mountain Frames,2,Components
745,"HL Mountain Frame - Black, 48",1,1,1,2011-05-31 00:00:00.000,2012-05-29 00:00:00.000,NULL,12,Mountain Frames,2,Components
746,"HL Mountain Frame - Black, 46",1,1,1,2011-05-31 00:00:00.000,NULL,NULL,12,Mountain Frames,2,Components
747,"HL Mountain Frame - Black, 38",1,1,2,2011-05-31 00:00:00.000,NULL,NULL,12,Mountain Frames,2,Components
748,"HL Mountain Frame - Silver, 38",1,1,2,2011-05-31 00:00:00.000,NULL,NULL,12,Mountain Frames,2,Components
749,"Road-150 Red, 62",1,1,4,2011-05-31 00:00:00.000,2012-05-29 00:00:00.000,NULL,2,Road Bikes,1,Bikes
750,"Road-150 Red, 44",1,1,4,2011-05-31 00:00:00.000,2012-05-29 00:00:00.000,NULL,2,Road Bikes,1,Bikes
751,"Road-150 Red, 48",1,1,4,2011-05-31 00:00:00.000,2012-05-29 00:00:00.000,NULL,2,Road Bikes,1,Bikes
752,"Road-150 Red, 52",1,1,4,2011-05-31 00:00:00.000,2012-05-29 00:00:00.000,NULL,2,Road Bikes,1,Bikes
753,"Road-150 Red, 56",1,1,4,2011-05-31 00:00:00.000,2012-05-29 00:00:00.000,NULL,2,Road Bikes,1,Bikes
754,"Road-450 Red, 58",1,1,4,2011-05-31 00:00:00.000,2012-05-29 00:00:00.000,NULL,2,Road Bikes,1,Bikes
755,"Road-450 Red, 60",1,1,4,2011-05-31 00:00:00.000,2012-05-29 00:00:00.000,NULL,2,Road Bikes,1,Bikes
756,"Road-450 Red, 44",1,1,4,2011-05-31 00:00:00.000,2012-05-29 00:00:00.000,NULL,2,Road Bikes,1,Bikes
757,"Road-450 Red, 48",1,1,4,2011-05-31 00:00:00.000,2012-05-29 00:00:00.000,NULL,2,Road Bikes,1,Bikes
758,"Road-450 Red, 52",1,1,4,2011-05-31 00:00:00.000,2012-05-29 00:00:00.000,NULL,2,Road Bikes,1,Bikes
759,"Road-650 Red, 58",1,1,4,2011-05-31 00:00:00.000,2013-05-29 00:00:00.000,NULL,2,Road Bikes,1,Bikes
760,"Road-650 Red, 60",1,1,4,2011-05-31 00:00:00.000,2013-05-29 00:00:00.000,NULL,2,Road Bikes,1,Bikes
761,"Road-650 Red, 62",1,1,4,2011-05-31 00:00:00.000,2013-05-29 00:00:00.000,NULL,2,Road Bikes,1,Bikes
762,"Road-650 Red, 44",1,1,4,2011-05-31 00:00:00.000,2013-05-29 00:00:00.000,NULL,2,Road Bikes,1,Bikes
763,"Road-650 Red, 48",1,1,4,2011-05-31 00:00:00.000,2013-05-29 00:00:00.000,NULL,2,Road Bikes,1,Bikes
764,"Road-650 Red, 52",1,1,4,2011-05-31 00:00:00.000,2013-05-29 00:00:00.000,NULL,2,Road Bikes,1,Bikes
765,"Road-650 Black, 58",1,1,4,2011-05-31 00:00:00.000,2013-05-29 00:00:00.000,NULL,2,Road Bikes,1,Bikes
766,"Road-650 Black, 60",1,1,4,2011-05-31 00:00:00.000,2013-05-29 00:00:00.000,NULL,2,Road Bikes,1,Bikes
767,"Road-650 Black, 62",1,1,4,2011-05-31 00:00:00.000,2013-05-29 00:00:00.000,NULL,2,Road Bikes,1,Bikes
768,"Road-650 Black, 44",1,1,4,2011-05-31 00:00:00.000,2013-05-29 00:00:00.000,NULL,2,Road Bikes,1,Bikes
769,"Road-650 Black, 48",1,1,4,2011-05-31 00:00:00.000,2013-05-29 00:00:00.000,NULL,2,Road Bikes,1,Bikes
770,"Road-650 Black, 52",1,1,4,2011-05-31 00:00:00.000,2013-05-29 00:00:00.000,NULL,2,Road Bikes,1,Bikes
771,"Mountain-100 Silver, 38",1,1,4,2011-05-31 00:00:00.000,2012-05-29 00:00:00.000,NULL,1,Mountain Bikes,1,Bikes
772,"Mountain-100 Silver, 42",1,1,4,2011-05-31 00:00:00.000,2012-05-29 00:00:00.000,NULL,1,Mountain Bikes,1,Bikes
773,"Mountain-100 Silver, 44",1,1,4,2011-05-31 00:00:00.000,2012-05-29 00:00:00.000,NULL,1,Mountain Bikes,1,Bikes
774,"Mountain-100 Silver, 48",1,1,4,2011-05-31 00:00:00.000,2012-05-29 00:00:00.000,NULL,1,Mountain Bikes,1,Bikes
775,"Mountain-100 Black, 38",1,1,4,2011-05-31 00:00:00.000,2012-05-29 00:00:00.000,NULL,1,Mountain Bikes,1,Bikes
776,"Mountain-100 Black, 42",1,1,4,2011-05-31 00:00:00.000,2012-05-29 00:00:00.000,NULL,1,Mountain Bikes,1,Bikes
777,"Mountain-100 Black, 44",1,1,4,2011-05-31 00:00:00.000,2012-05-29 00:00:00.000,NULL,1,Mountain Bikes,1,Bikes
778,"Mountain-100 Black, 48",1,1,4,2011-05-31 00:00:00.000,2012-05-29 00:00:00.000,NULL,1,Mountain Bikes,1,Bikes
779,"Mountain-200 Silver, 38",1,1,4,2012-05-30 00:00:00.000,NULL,NULL,1,Mountain Bikes,1,Bikes
780,"Mountain-200 Silver, 42",1,1,4,2012-05-30 00:00:00.000,NULL,NULL,1,Mountain Bikes,1,Bikes
781,"Mountain-200 Silver, 46",1,1,4,2012-05-30 00:00:00.000,NULL,NULL,1,Mountain Bikes,1,Bikes
782,"Mountain-200 Black, 38",1,1,4,2012-05-30 00:00:00.000,NULL,NULL,1,Mountain Bikes,1,Bikes
783,"Mountain-200 Black, 42",1,1,4,2012-05-30 00:00:00.000,NULL,NULL,1,Mountain Bikes,1,Bikes
784,"Mountain-200 Black, 46",1,1,4,2012-05-30 00:00:00.000,NULL,NULL,1,Mountain Bikes,1,Bikes
785,"Mountain-300 Black, 38",1,1,4,2012-05-30 00:00:00.000,2013-05-29 00:00:00.000,NULL,1,Mountain Bikes,1,Bikes
786,"Mountain-300 Black, 40",1,1,4,2012-05-30 00:00:00.000,2013-05-29 00:00:00.000,NULL,1,Mountain Bikes,1,Bikes
787,"Mountain-300 Black, 44",1,1,4,2012-05-30 00:00:00.000,2013-05-29 00:00:00.000,NULL,1,Mountain Bikes,1,Bikes
788,"Mountain-300 Black, 48",1,1,4,2012-05-30 00:00:00.000,2013-05-29 00:00:00.000,NULL,1,Mountain Bikes,1,Bikes
789,"Road-250 Red, 44",1,1,4,2012-05-30 00:00:00.000,2013-05-29 00:00:00.000,NULL,2,Road Bikes,1,Bikes
790,"Road-250 Red, 48",1,1,4,2012-05-30 00:00:00.000,2013-05-29 00:00:00.000,NULL,2,Road Bikes,1,Bikes
791,"Road-250 Red, 52",1,1,4,2012-05-30 00:00:00.000,2013-05-29 00:00:00.000,NULL,2,Road Bikes,1,Bikes
792,"Road-250 Red, 58",1,1,4,2012-05-30 00:00:00.000,NULL,NULL,2,Road Bikes,1,Bikes
793,"Road-250 Black, 44",1,1,4,2012-05-30 00:00:00.000,NULL,NULL,2,Road Bikes,1,Bikes
794,"Road-250 Black, 48",1,1,4,2012-05-30 00:00:00.000,NULL,NULL,2,Road Bikes,1,Bikes
795,"Road-250 Black, 52",1,1,4,2012-05-30 00:00:00.000,NULL,NULL,2,Road Bikes,1,Bikes
796,"Road-250 Black, 58",1,1,4,2012-05-30 00:00:00.000,NULL,NULL,2,Road Bikes,1,Bikes
797,"Road-550-W Yellow, 38",1,1,4,2012-05-30 00:00:00.000,NULL,NULL,2,Road Bikes,1,Bikes
798,"Road-550-W Yellow, 40",1,1,4,2012-05-30 00:00:00.000,NULL,NULL,2,Road Bikes,1,Bikes
799,"Road-550-W Yellow, 42",1,1,4,2012-05-30 00:00:00.000,NULL,NULL,2,Road Bikes,1,Bikes
800,"Road-550-W Yellow, 44",1,1,4,2012-05-30 00:00:00.000,NULL,NULL,2,Road Bikes,1,Bikes
801,"Road-550-W Yellow, 48",1,1,4,2012-05-30 00:00:00.000,NULL,NULL,2,Road Bikes,1,Bikes
802,LL Fork,1,1,1,2012-05-30 00:00:00.000,2013-05-29 00:00:00.000,NULL,10,Forks,2,Components
803,ML Fork,1,1,1,2012-05-30 00:00:00.000,2013-05-29 00:00:00.000,NULL,10,Forks,2,Components
804,HL Fork,1,1,1,2012-05-30 00:00:00.000,2013-05-29 00:00:00.000,NULL,10,Forks,2,Components
805,LL Headset,1,1,1,2012-05-30 00:00:00.000,2013-05-29 00:00:00.000,NULL,11,Headsets,2,Components
806,ML Headset,1,1,1,2012-05-30 00:00:00.000,2013-05-29 00:00:00.000,NULL,11,Headsets,2,Components
807,HL Headset,1,1,1,2012-05-30 00:00:00.000,2013-05-29 00:00:00.000,NULL,11,Headsets,2,Components
808,LL Mountain Handlebars,1,1,1,2012-05-30 00:00:00.000,NULL,NULL,4,Handlebars,2,Components
809,ML Mountain Handlebars,1,1,1,2012-05-30 00:00:00.000,NULL,NULL,4,Handlebars,2,Components
810,HL Mountain Handlebars,1,1,1,2012-05-30 00:00:00.000,NULL,NULL,4,Handlebars,2,Components
811,LL Road Handlebars,1,1,1,2012-05-30 00:00:00.000,NULL,NULL,4,Handlebars,2,Components
812,ML Road Handlebars,1,1,1,2012-05-30 00:00:00.000,NULL,NULL,4,Handlebars,2,Components
813,HL Road Handlebars,1,1,1,2012-05-30 00:00:00.000,NULL,NULL,4,Handlebars,2,Components
814,"ML Mountain Frame - Black, 38",1,1,2,2012-05-30 00:00:00.000,2013-05-29 00:00:00.000,NULL,12,Mountain Frames,2,Components
815,LL Mountain Front Wheel,1,1,1,2012-05-30 00:00:00.000,2013-05-29 00:00:00.000,NULL,17,Wheels,2,Components
816,ML Mountain Front Wheel,1,1,1,2012-05-30 00:00:00.000,2013-05-29 00:00:00.000,NULL,17,Wheels,2,Components
817,HL Mountain Front Wheel,1,1,1,2012-05-30 00:00:00.000,2013-05-29 00:00:00.000,NULL,17,Wheels,2,Components
818,LL Road Front Wheel,1,1,1,2012-05-30 00:00:00.000,2013-05-29 00:00:00.000,NULL,17,Wheels,2,Components
819,ML Road Front Wheel,1,1,1,2012-05-30 00:00:00.000,2013-05-29 00:00:00.000,NULL,17,Wheels,2,Components
820,HL Road Front Wheel,1,1,1,2012-05-30 00:00:00.000,2013-05-29 00:00:00.000,NULL,17,Wheels,2,Components
821,Touring Front Wheel,1,1,1,2012-05-30 00:00:00.000,2013-05-29 00:00:00.000,NULL,17,Wheels,2,Components
822,"ML Road Frame-W - Yellow, 38",1,1,2,2012-05-30 00:00:00.000,NULL,NULL,14,Road Frames,2,Components
823,LL Mountain Rear Wheel,1,1,1,2012-05-30 00:00:00.000,2013-05-29 00:00:00.000,NULL,17,Wheels,2,Components
824,ML Mountain Rear Wheel,1,1,1,2012-05-30 00:00:00.000,2013-05-29 00:00:00.000,NULL,17,Wheels,2,Components
825,HL Mountain Rear Wheel,1,1,1,2012-05-30 00:00:00.000,2013-05-29 00:00:00.000,NULL,17,Wheels,2,Components
826,LL Road Rear Wheel,1,1,1,2012-05-30 00:00:00.000,2013-05-29 00:00:00.000,NULL,17,Wheels,2,Components
827,ML Road Rear Wheel,1,1,1,2012-05-30 00:00:00.000,2013-05-29 00:00:00.000,NULL,17,Wheels,2,Components
828,HL Road Rear Wheel,1,1,1,2012-05-30 00:00:00.000,2013-05-29 00:00:00.000,NULL,17,Wheels,2,Components
829,Touring Rear Wheel,1,1,1,2012-05-30 00:00:00.000,2013-05-29 00:00:00.000,NULL,17,Wheels,2,Components
830,"ML Mountain Frame - Black, 40",1,1,1,2012-05-30 00:00:00.000,2013-05-29 00:00:00.000,NULL,12,Mountain Frames,2,Components
831,"ML Mountain Frame - Black, 44",1,1,1,2012-05-30 00:00:00.000,2013-05-29 00:00:00.000,NULL,12,Mountain Frames,2,Components
832,"ML Mountain Frame - Black, 48",1,1,1,2012-05-30 00:00:00.000,2013-05-29 00:00:00.000,NULL,12,Mountain Frames,2,Components
833,"ML Road Frame-W - Yellow, 40",1,1,1,2012-05-30 00:00:00.000,NULL,NULL,14,Road Frames,2,Components
834,"ML Road Frame-W - Yellow, 42",1,1,1,2012-05-30 00:00:00.000,NULL,NULL,14,Road Frames,2,Components
835,"ML Road Frame-W - Yellow, 44",1,1,1,2012-05-30 00:00:00.000,NULL,NULL,14,Road Frames,2,Components
836,"ML Road Frame-W - Yellow, 48",1,1,1,2012-05-30 00:00:00.000,NULL,NULL,14,Road Frames,2,Components
837,"HL Road Frame - Black, 62",1,1,1,2012-05-30 00:00:00.000,NULL,NULL,14,Road Frames,2,Components
838,"HL Road Frame - Black, 44",1,1,1,2012-05-30 00:00:00.000,NULL,NULL,14,Road Frames,2,Components
839,"HL Road Frame - Black, 48",1,1,1,2012-05-30 00:00:00.000,NULL,NULL,14,Road Frames,2,Components
840,"HL Road Frame - Black, 52",1,1,1,2012-05-30 00:00:00.000,NULL,NULL,14,Road Frames,2,Components
841,"Men's Sports Shorts, S",0,1,0,2012-05-30 00:00:00.000,2013-05-29 00:00:00.000,NULL,22,Shorts,3,Clothing
842,"Touring-Panniers, Large",0,1,0,2012-05-30 00:00:00.000,2013-05-29 00:00:00.000,NULL,35,Panniers,4,Accessories
843,Cable Lock,0,1,0,2012-05-30 00:00:00.000,2013-05-29 00:00:00.000,NULL,34,Locks,4,Accessories
844,Minipump,0,1,0,2012-05-30 00:00:00.000,2013-05-29 00:00:00.000,NULL,36,Pumps,4,Accessories
845,Mountain Pump,0,1,0,2012-05-30 00:00:00.000,2013-05-29 00:00:00.000,NULL,36,Pumps,4,Accessories
846,Taillights - Battery-Powered,0,1,0,2012-05-30 00:00:00.000,2013-05-29 00:00:00.000,NULL,33,Lights,4,Accessories
847,Headlights - Dual-Beam,0,1,0,2012-05-30 00:00:00.000,2013-05-29 00:00:00.000,NULL,33,Lights,4,Accessories
848,Headlights - Weatherproof,0,1,0,2012-05-30 00:00:00.000,2013-05-29 00:00:00.000,NULL,33,Lights,4,Accessories
849,"Men's Sports Shorts, M",0,1,0,2012-05-30 00:00:00.000,2013-05-29 00:00:00.000,NULL,22,Shorts,3,Clothing
850,"Men's Sports Shorts, L",0,1,0,2012-05-30 00:00:00.000,2013-05-29 00:00:00.000,NULL,22,Shorts,3,Clothing
851,"Men's Sports Shorts, XL",0,1,0,2012-05-30 00:00:00.000,2013-05-29 00:00:00.000,NULL,22,Shorts,3,Clothing
852,"Women's Tights, S",0,1,0,2012-05-30 00:00:00.000,2013-05-29 00:00:00.000,NULL,24,Tights,3,Clothing
853,"Women's Tights, M",0,1,0,2012-05-30 00:00:00.000,2013-05-29 00:00:00.000,NULL,24,Tights,3,Clothing
854,"Women's Tights, L",0,1,0,2012-05-30 00:00:00.000,2013-05-29 00:00:00.000,NULL,24,Tights,3,Clothing
855,"Men's Bib-Shorts, S",0,1,0,2012-05-30 00:00:00.000,2013-05-29 00:00:00.000,NULL,18,Bib-Shorts,3,Clothing
856,"Men's Bib-Shorts, M",0,1,0,2012-05-30 00:00:00.000,2013-05-29 00:00:00.000,NULL,18,Bib-Shorts,3,Clothing
857,"Men's Bib-Shorts, L",0,1,0,2012-05-30 00:00:00.000,2013-05-29 00:00:00.000,NULL,18,Bib-Shorts,3,Clothing
858,"Half-Finger Gloves, S",0,1,0,2012-05-30 00:00:00.000,NULL,NULL,20,Gloves,3,Clothing
859,"Half-Finger Gloves, M",0,1,0,2012-05-30 00:00:00.000,NULL,NULL,20,Gloves,3,Clothing
860,"Half-Finger Gloves, L",0,1,0,2012-05-30 00:00:00.000,NULL,NULL,20,Gloves,3,Clothing
861,"Full-Finger Gloves, S",0,1,0,2012-05-30 00:00:00.000,2013-05-29 00:00:00.000,NULL,20,Gloves,3,Clothing
862,"Full-Finger Gloves, M",0,1,0,2012-05-30 00:00:00.000,2013-05-29 00:00:00.000,NULL,20,Gloves,3,Clothing
863,"Full-Finger Gloves, L",0,1,0,2012-05-30 00:00:00.000,2013-05-29 00:00:00.000,NULL,20,Gloves,3,Clothing
864,"Classic Vest, S",0,1,0,2013-05-30 00:00:00.000,NULL,NULL,25,Vests,3,Clothing
865,"Classic Vest, M",0,1,0,2013-05-30 00:00:00.000,NULL,NULL,25,Vests,3,Clothing
866,"Classic Vest, L",0,1,0,2013-05-30 00:00:00.000,NULL,NULL,25,Vests,3,Clothing
867,"Women's Mountain Shorts, S",0,1,0,2013-05-30 00:00:00.000,NULL,NULL,22,Shorts,3,Clothing
868,"Women's Mountain Shorts, M",0,1,0,2013-05-30 00:00:00.000,NULL,NULL,22,Shorts,3,Clothing
869,"Women's Mountain Shorts, L",0,1,0,2013-05-30 00:00:00.000,NULL,NULL,22,Shorts,3,Clothing
870,Water Bottle - 30 oz.,0,1,0,2013-05-30 00:00:00.000,NULL,NULL,28,Bottles and Cages,4,Accessories
871,Mountain Bottle Cage,0,1,0,2013-05-30 00:00:00.000,NULL,NULL,28,Bottles and Cages,4,Accessories
872,Road Bottle Cage,0,1,0,2013-05-30 00:00:00.000,NULL,NULL,28,Bottles and Cages,4,Accessories
873,Patch Kit/8 Patches,0,1,0,2013-05-30 00:00:00.000,NULL,NULL,37,Tires and Tubes,4,Accessories
874,"Racing Socks, M",0,1,0,2013-05-30 00:00:00.000,NULL,NULL,23,Socks,3,Clothing
875,"Racing Socks, L",0,1,0,2013-05-30 00:00:00.000,NULL,NULL,23,Socks,3,Clothing
876,Hitch Rack - 4-Bike,0,1,0,2013-05-30 00:00:00.000,NULL,NULL,26,Bike Racks,4,Accessories
877,Bike Wash - Dissolver,0,1,0,2013-05-30 00:00:00.000,NULL,NULL,29,Cleaners,4,Accessories
878,Fender Set - Mountain,0,1,0,2013-05-30 00:00:00.000,NULL,NULL,30,Fenders,4,Accessories
879,All-Purpose Bike Stand,0,1,0,2013-05-30 00:00:00.000,NULL,NULL,27,Bike Stands,4,Accessories
880,Hydration Pack - 70 oz.,0,1,0,2013-05-30 00:00:00.000,NULL,NULL,32,Hydration Packs,4,Accessories
881,"Short-Sleeve Classic Jersey, S",0,1,0,2013-05-30 00:00:00.000,NULL,NULL,21,Jerseys,3,Clothing
882,"Short-Sleeve Classic Jersey, M",0,1,0,2013-05-30 00:00:00.000,NULL,NULL,21,Jerseys,3,Clothing
883,"Short-Sleeve Classic Jersey, L",0,1,0,2013-05-30 00:00:00.000,NULL,NULL,21,Jerseys,3,Clothing
884,"Short-Sleeve Classic Jersey, XL",0,1,0,2013-05-30 00:00:00.000,NULL,NULL,21,Jerseys,3,Clothing
885,"HL Touring Frame - Yellow, 60",1,1,1,2013-05-30 00:00:00.000,NULL,NULL,16,Touring Frames,2,Components
886,"LL Touring Frame - Yellow, 62",1,1,1,2013-05-30 00:00:00.000,NULL,NULL,16,Touring Frames,2,Components
887,"HL Touring Frame - Yellow, 46",1,1,1,2013-05-30 00:00:00.000,NULL,NULL,16,Touring Frames,2,Components
888,"HL Touring Frame - Yellow, 50",1,1,1,2013-05-30 00:00:00.000,NULL,NULL,16,Touring Frames,2,Components
889,"HL Touring Frame - Yellow, 54",1,1,1,2013-05-30 00:00:00.000,NULL,NULL,16,Touring Frames,2,Components
890,"HL Touring Frame - Blue, 46",1,1,1,2013-05-30 00:00:00.000,NULL,NULL,16,Touring Frames,2,Components
891,"HL Touring Frame - Blue, 50",1,1,1,2013-05-30 00:00:00.000,NULL,NULL,16,Touring Frames,2,Components
892,"HL Touring Frame - Blue, 54",1,1,1,2013-05-30 00:00:00.000,NULL,NULL,16,Touring Frames,2,Components
893,"HL Touring Frame - Blue, 60",1,1,1,2013-05-30 00:00:00.000,NULL,NULL,16,Touring Frames,2,Components
894,Rear Derailleur,1,1,1,2013-05-30 00:00:00.000,NULL,NULL,9,Derailleurs,2,Components
895,"LL Touring Frame - Blue, 50",1,1,1,2013-05-30 00:00:00.000,NULL,NULL,16,Touring Frames,2,Components
896,"LL Touring Frame - Blue, 54",1,1,1,2013-05-30 00:00:00.000,NULL,NULL,16,Touring Frames,2,Components
897,"LL Touring Frame - Blue, 58",1,1,1,2013-05-30 00:00:00.000,NULL,NULL,16,Touring Frames,2,Components
898,"LL Touring Frame - Blue, 62",1,1,1,2013-05-30 00:00:00.000,NULL,NULL,16,Touring Frames,2,Components
899,"LL Touring Frame - Yellow, 44",1,1,1,2013-05-30 00:00:00.000,NULL,NULL,16,Touring Frames,2,Components
900,"LL Touring Frame - Yellow, 50",1,1,1,2013-05-30 00:00:00.000,NULL,NULL,16,Touring Frames,2,Components
901,"LL Touring Frame - Yellow, 54",1,1,1,2013-05-30 00:00:00.000,NULL,NULL,16,Touring Frames,2,Components
902,"LL Touring Frame - Yellow, 58",1,1,1,2013-05-30 00:00:00.000,NULL,NULL,16,Touring Frames,2,Components
903,"LL Touring Frame - Blue, 44",1,1,1,2013-05-30 00:00:00.000,NULL,NULL,16,Touring Frames,2,Components
904,"ML Mountain Frame-W - Silver, 40",1,1,1,2013-05-30 00:00:00.000,NULL,NULL,12,Mountain Frames,2,Components
905,"ML Mountain Frame-W - Silver, 42",1,1,1,2013-05-30 00:00:00.000,NULL,NULL,12,Mountain Frames,2,Components
906,"ML Mountain Frame-W - Silver, 46",1,1,1,2013-05-30 00:00:00.000,NULL,NULL,12,Mountain Frames,2,Components
907,Rear Brakes,0,1,1,2013-05-30 00:00:00.000,NULL,NULL,6,Brakes,2,Components
908,LL Mountain Seat/Saddle,0,1,1,2013-05-30 00:00:00.000,NULL,NULL,15,Saddles,2,Components
909,ML Mountain Seat/Saddle,0,1,1,2013-05-30 00:00:00.000,NULL,NULL,15,Saddles,2,Components
910,HL Mountain Seat/Saddle,0,1,1,2013-05-30 00:00:00.000,NULL,NULL,15,Saddles,2,Components
911,LL Road Seat/Saddle,0,1,1,2013-05-30 00:00:00.000,NULL,NULL,15,Saddles,2,Components
912,ML Road Seat/Saddle,0,1,1,2013-05-30 00:00:00.000,NULL,NULL,15,Saddles,2,Components
913,HL Road Seat/Saddle,0,1,1,2013-05-30 00:00:00.000,NULL,NULL,15,Saddles,2,Components
914,LL Touring Seat/Saddle,0,1,1,2013-05-30 00:00:00.000,NULL,NULL,15,Saddles,2,Components
915,ML Touring Seat/Saddle,0,1,1,2013-05-30 00:00:00.000,NULL,NULL,15,Saddles,2,Components
916,HL Touring Seat/Saddle,0,1,1,2013-05-30 00:00:00.000,NULL,NULL,15,Saddles,2,Components
917,"LL Mountain Frame - Silver, 42",1,1,1,2013-05-30 00:00:00.000,NULL,NULL,12,Mountain Frames,2,Components
918,"LL Mountain Frame - Silver, 44",1,1,1,2013-05-30 00:00:00.000,NULL,NULL,12,Mountain Frames,2,Components
919,"LL Mountain Frame - Silver, 48",1,1,1,2013-05-30 00:00:00.000,NULL,NULL,12,Mountain Frames,2,Components
920,"LL Mountain Frame - Silver, 52",1,1,1,2013-05-30 00:00:00.000,NULL,NULL,12,Mountain Frames,2,Components
921,Mountain Tire Tube,0,1,0,2013-05-30 00:00:00.000,NULL,NULL,37,Tires and Tubes,4,Accessories
922,Road Tire Tube,0,1,0,2013-05-30 00:00:00.000,NULL,NULL,37,Tires and Tubes,4,Accessories
923,Touring Tire Tube,0,1,0,2013-05-30 00:00:00.000,NULL,NULL,37,Tires and Tubes,4,Accessories
924,"LL Mountain Frame - Black, 42",1,1,1,2013-05-30 00:00:00.000,NULL,NULL,12,Mountain Frames,2,Components
925,"LL Mountain Frame - Black, 44",1,1,1,2013-05-30 00:00:00.000,NULL,NULL,12,Mountain Frames,2,Components
926,"LL Mountain Frame - Black, 48",1,1,1,2013-05-30 00:00:00.000,NULL,NULL,12,Mountain Frames,2,Components
927,"LL Mountain Frame - Black, 52",1,1,1,2013-05-30 00:00:00.000,NULL,NULL,12,Mountain Frames,2,Components
928,LL Mountain Tire,0,1,0,2013-05-30 00:00:00.000,NULL,NULL,37,Tires and Tubes,4,Accessories
929,ML Mountain Tire,0,1,0,2013-05-30 00:00:00.000,NULL,NULL,37,Tires and Tubes,4,Accessories
930,HL Mountain Tire,0,1,0,2013-05-30 00:00:00.000,NULL,NULL,37,Tires and Tubes,4,Accessories
931,LL Road Tire,0,1,0,2013-05-30 00:00:00.000,NULL,NULL,37,Tires and Tubes,4,Accessories
932,ML Road Tire,0,1,0,2013-05-30 00:00:00.000,NULL,NULL,37,Tires and Tubes,4,Accessories
933,HL Road Tire,0,1,0,2013-05-30 00:00:00.000,NULL,NULL,37,Tires and Tubes,4,Accessories
934,Touring Tire,0,1,0,2013-05-30 00:00:00.000,NULL,NULL,37,Tires and Tubes,4,Accessories
935,LL Mountain Pedal,0,1,1,2013-05-30 00:00:00.000,NULL,NULL,13,Pedals,2,Components
936,ML Mountain Pedal,0,1,1,2013-05-30 00:00:00.000,NULL,NULL,13,Pedals,2,Components
937,HL Mountain Pedal,0,1,1,2013-05-30 00:00:00.000,NULL,NULL,13,Pedals,2,Components
938,LL Road Pedal,0,1,1,2013-05-30 00:00:00.000,NULL,NULL,13,Pedals,2,Components
939,ML Road Pedal,0,1,1,2013-05-30 00:00:00.000,NULL,NULL,13,Pedals,2,Components
940,HL Road Pedal,0,1,1,2013-05-30 00:00:00.000,NULL,NULL,13,Pedals,2,Components
941,Touring Pedal,0,1,1,2013-05-30 00:00:00.000,NULL,NULL,13,Pedals,2,Components
942,"ML Mountain Frame-W - Silver, 38",1,1,2,2013-05-30 00:00:00.000,NULL,NULL,12,Mountain Frames,2,Components
943,"LL Mountain Frame - Black, 40",1,1,2,2013-05-30 00:00:00.000,NULL,NULL,12,Mountain Frames,2,Components
944,"LL Mountain Frame - Silver, 40",1,1,2,2013-05-30 00:00:00.000,NULL,NULL,12,Mountain Frames,2,Components
945,Front Derailleur,1,1,1,2013-05-30 00:00:00.000,NULL,NULL,9,Derailleurs,2,Components
946,LL Touring Handlebars,1,1,1,2013-05-30 00:00:00.000,NULL,NULL,4,Handlebars,2,Components
947,HL Touring Handlebars,1,1,1,2013-05-30 00:00:00.000,NULL,NULL,4,Handlebars,2,Components
948,Front Brakes,0,1,1,2013-05-30 00:00:00.000,NULL,NULL,6,Brakes,2,Components
949,LL Crankset,1,1,1,2013-05-30 00:00:00.000,NULL,NULL,8,Cranksets,2,Components
950,ML Crankset,1,1,1,2013-05-30 00:00:00.000,NULL,NULL,8,Cranksets,2,Components
951,HL Crankset,1,1,1,2013-05-30 00:00:00.000,NULL,NULL,8,Cranksets,2,Components
952,Chain,0,1,1,2013-05-30 00:00:00.000,NULL,NULL,7,Chains,2,Components
953,"Touring-2000 Blue, 60",1,1,4,2013-05-30 00:00:00.000,NULL,NULL,3,Touring Bikes,1,Bikes
954,"Touring-1000 Yellow, 46",1,1,4,2013-05-30 00:00:00.000,NULL,NULL,3,Touring Bikes,1,Bikes
955,"Touring-1000 Yellow, 50",1,1,4,2013-05-30 00:00:00.000,NULL,NULL,3,Touring Bikes,1,Bikes
956,"Touring-1000 Yellow, 54",1,1,4,2013-05-30 00:00:00.000,NULL,NULL,3,Touring Bikes,1,Bikes
957,"Touring-1000 Yellow, 60",1,1,4,2013-05-30 00:00:00.000,NULL,NULL,3,Touring Bikes,1,Bikes
958,"Touring-3000 Blue, 54",1,1,4,2013-05-30 00:00:00.000,NULL,NULL,3,Touring Bikes,1,Bikes
959,"Touring-3000 Blue, 58",1,1,4,2013-05-30 00:00:00.000,NULL,NULL,3,Touring Bikes,1,Bikes
960,"Touring-3000 Blue, 62",1,1,4,2013-05-30 00:00:00.000,NULL,NULL,3,Touring Bikes,1,Bikes
961,"Touring-3000 Yellow, 44",1,1,4,2013-05-30 00:00:00.000,NULL,NULL,3,Touring Bikes,1,Bikes
962,"Touring-3000 Yellow, 50",1,1,4,2013-05-30 00:00:00.000,NULL,NULL,3,Touring Bikes,1,Bikes
963,"Touring-3000 Yellow, 54",1,1,4,2013-05-30 00:00:00.000,NULL,NULL,3,Touring Bikes,1,Bikes
964,"Touring-3000 Yellow, 58",1,1,4,2013-05-30 00:00:00.000,NULL,NULL,3,Touring Bikes,1,Bikes
965,"Touring-3000 Yellow, 62",1,1,4,2013-05-30 00:00:00.000,NULL,NULL,3,Touring Bikes,1,Bikes
966,"Touring-1000 Blue, 46",1,1,4,2013-05-30 00:00:00.000,NULL,NULL,3,Touring Bikes,1,Bikes
967,"Touring-1000 Blue, 50",1,1,4,2013-05-30 00:00:00.000,NULL,NULL,3,Touring Bikes,1,Bikes
968,"Touring-1000 Blue, 54",1,1,4,2013-05-30 00:00:00.000,NULL,NULL,3,Touring Bikes,1,Bikes
969,"Touring-1000 Blue, 60",1,1,4,2013-05-30 00:00:00.000,NULL,NULL,3,Touring Bikes,1,Bikes
970,"Touring-2000 Blue, 46",1,1,4,2013-05-30 00:00:00.000,NULL,NULL,3,Touring Bikes,1,Bikes
971,"Touring-2000 Blue, 50",1,1,4,2013-05-30 00:00:00.000,NULL,NULL,3,Touring Bikes,1,Bikes
972,"Touring-2000 Blue, 54",1,1,4,2013-05-30 00:00:00.000,NULL,NULL,3,Touring Bikes,1,Bikes
973,"Road-350-W Yellow, 40",1,1,4,2013-05-30 00:00:00.000,NULL,NULL,2,Road Bikes,1,Bikes
974,"Road-350-W Yellow, 42",1,1,4,2013-05-30 00:00:00.000,NULL,NULL,2,Road Bikes,1,Bikes
975,"Road-350-W Yellow, 44",1,1,4,2013-05-30 00:00:00.000,NULL,NULL,2,Road Bikes,1,Bikes
976,"Road-350-W Yellow, 48",1,1,4,2013-05-30 00:00:00.000,NULL,NULL,2,Road Bikes,1,Bikes
977,"Road-750 Black, 58",1,1,4,2013-05-30 00:00:00.000,NULL,NULL,2,Road Bikes,1,Bikes
978,"Touring-3000 Blue, 44",1,1,4,2013-05-30 00:00:00.000,NULL,NULL,3,Touring Bikes,1,Bikes
979,"Touring-3000 Blue, 50",1,1,4,2013-05-30 00:00:00.000,NULL,NULL,3,Touring Bikes,1,Bikes
980,"Mountain-400-W Silver, 38",1,1,4,2013-05-30 00:00:00.000,NULL,NULL,1,Mountain Bikes,1,Bikes
981,"Mountain-400-W Silver, 40",1,1,4,2013-05-30 00:00:00.000,NULL,NULL,1,Mountain Bikes,1,Bikes
982,"Mountain-400-W Silver, 42",1,1,4,2013-05-30 00:00:00.000,NULL,NULL,1,Mountain Bikes,1,Bikes
983,"Mountain-400-W Silver, 46",1,1,4,2013-05-30 00:00:00.000,NULL,NULL,1,Mountain Bikes,1,Bikes
984,"Mountain-500 Silver, 40",1,1,4,2013-05-30 00:00:00.000,NULL,NULL,1,Mountain Bikes,1,Bikes
985,"Mountain-500 Silver, 42",1,1,4,2013-05-30 00:00:00.000,NULL,NULL,1,Mountain Bikes,1,Bikes
986,"Mountain-500 Silver, 44",1,1,4,2013-05-30 00:00:00.000,NULL,NULL,1,Mountain Bikes,1,Bikes
987,"Mountain-500 Silver, 48",1,1,4,2013-05-30 00:00:00.000,NULL,NULL,1,Mountain Bikes,1,Bikes
988,"Mountain-500 Silver, 52",1,1,4,2013-05-30 00:00:00.000,NULL,NULL,1,Mountain Bikes,1,Bikes
989,"Mountain-500 Black, 40",1,1,4,2013-05-30 00:00:00.000,NULL,NULL,1,Mountain Bikes,1,Bikes
990,"Mountain-500 Black, 42",1,1,4,2013-05-30 00:00:00.000,NULL,NULL,1,Mountain Bikes,1,Bikes
991,"Mountain-500 Black, 44",1,1,4,2013-05-30 00:00:00.000,NULL,NULL,1,Mountain Bikes,1,Bikes
992,"Mountain-500 Black, 48",1,1,4,2013-05-30 00:00:00.000,NULL,NULL,1,Mountain Bikes,1,Bikes
993,"Mountain-500 Black, 52",1,1,4,2013-05-30 00:00:00.000,NULL,NULL,1,Mountain Bikes,1,Bikes
994,LL Bottom Bracket,1,1,1,2013-05-30 00:00:00.000,NULL,NULL,5,Bottom Brackets,2,Components
995,ML Bottom Bracket,1,1,1,2013-05-30 00:00:00.000,NULL,NULL,5,Bottom Brackets,2,Components
996,HL Bottom Bracket,1,1,1,2013-05-30 00:00:00.000,NULL,NULL,5,Bottom Brackets,2,Components
997,"Road-750 Black, 44",1,1,4,2013-05-30 00:00:00.000,NULL,NULL,2,Road Bikes,1,Bikes
998,"Road-750 Black, 48",1,1,4,2013-05-30 00:00:00.000,NULL,NULL,2,Road Bikes,1,Bikes
999,"Road-750 Black, 52",1,1,4,2013-05-30 00:00:00.000,NULL,NULL,2,Road Bikes,1,Bikes
